Snapshot,RepoName,Message,CommitAt,URL,ModifiedFiles
12/10/2023,tisztamo/Junior,Refactor prompt.yaml creation and create projectSpecifics.md https://chat.openai.com/share/68fe4770-ee0e-4245-ab72-4fe09b45f4e9,2023-07-27T13:22:02.000+02:00,https://github.com/tisztamo/Junior/commit/6f411731d6d2445f7c91bd2cedd481e67f5ce135,"['change.sh', 'prompt.md', 'prompt.yaml', 'src/init.js', 'src/prompt/createProjectSpecifics.js', 'src/prompt/createPromptYaml.js']"
12/10/2023,tisztamo/Junior,Update roadmap.md with completed task https://chat.openai.com/share/0bc5c1d5-f736-444a-a1c6-c8560afff010,2023-08-07T15:56:34.000+02:00,https://github.com/tisztamo/Junior/commit/8ba2f3d4ee07003a2c2a9b4096c09fbeef8fd389,"['change.sh', 'docs/roadmap.md', 'prompt.md', 'prompt.yaml']"
12/10/2023,Hajaradnan/Hajaradnan,"Create README.md

https://chat.openai.com/share/49eb1aff-ce9a-4373-ad28-348c2b5addcd",2023-09-24T14:13:30.000+01:00,https://github.com/Hajaradnan/Hajaradnan/commit/ec6241ca4370129bce7a021a4f80dff123cde103,['README.md']
12/10/2023,eshreyareddy/prompting-zomato-reviews,"Update README.md

https://chat.openai.com/share/52d67aed-45fa-451d-bb95-46d8ba642fa8",2023-09-04T10:49:30.000+05:30,https://github.com/eshreyareddy/prompting-zomato-reviews/commit/075750d66c6392147b7cccca28f7c225d9fa6545,['README.md']
12/10/2023,tisztamo/vueyourcv,"Update README.md

https://chat.openai.com/share/be79a950-1231-4e55-aae0-2a90d8962d1d",2023-06-26T13:49:10.000+02:00,https://github.com/tisztamo/vueyourcv/commit/6d454ee9b01535bb252bcbdf2e0abf13b6bcda59,['README.md']
12/10/2023,Hack23/cia,"Update dashboard.md

chatlog https://chat.openai.com/share/67ff0200-dad4-48f2-884e-ccada57974f6",2023-07-09T11:33:06.000+02:00,https://github.com/Hack23/cia/commit/7b8639cb17b0da8317152148c1376851cf0832ee,['dashboard.md']
12/10/2023,tisztamo/Junior,Update docs/descriptor.md https://chat.openai.com/share/f9d1c692-9808-49bf-8c4f-20e8acdef237,2023-08-22T16:13:49.000+02:00,https://github.com/tisztamo/Junior/commit/9dac0b6b6797fb6d62cf41369227d0138f4397a5,['docs/descriptor.md']
12/10/2023,tisztamo/Junior,Update README.md as per requirements https://chat.openai.com/share/c8be7d22-e7e6-48c3-83e4-b4b75e0db58f,2023-08-08T12:11:35.000+02:00,https://github.com/tisztamo/Junior/commit/37541a0776f2c369d5ec3c888c39beef1256e0b5,"['change.sh', 'docs/README.md', 'prompt.md', 'prompt.yaml']"
12/10/2023,tisztamo/Junior,Improve documentation in docs/README.md https://chat.openai.com/share/1078eeab-70a4-45cb-a575-a0d8e2fb5313,2023-08-18T22:52:16.000+02:00,https://github.com/tisztamo/Junior/commit/fd0b5d400c7c86436abe3a2207ce61b9f9cf9c04,"['change.sh', 'docs/README.md', 'docs/README.md.backup', 'prompt.md', 'prompt.yaml']"
12/10/2023,tisztamo/Junior,Improve documentation in usage.md https://chat.openai.com/share/a784f3e5-1e66-4249-a5e7-96ccf499d045,2023-08-07T13:35:53.000+02:00,https://github.com/tisztamo/Junior/commit/16f2f68315fd9a6a9a418a435196df592301509a,"['change.sh', 'docs/usage.md', 'prompt.md', 'prompt.yaml']"
12/10/2023,tisztamo/Junior,Improve Junior project's README.md https://chat.openai.com/share/524146cc-2dee-4a6b-91d9-a66597c45c1a,2023-08-03T10:21:15.000+02:00,https://github.com/tisztamo/Junior/commit/ed97ada1122ea1dee13ad3469b24c4cafb851f6c,"['README.md', 'change.sh', 'prompt.md', 'prompt.yaml', 'prompt/format/shell.md']"
12/10/2023,tisztamo/Junior,Generate docs/config/env_or_cli.md for Junior configurations https://chat.openai.com/share/d7e0f6ad-02e2-4ffd-a670-91c0379d0e74,2023-09-29T16:26:34.000+02:00,https://github.com/tisztamo/Junior/commit/d6f0d7ef512a35c1d348fbc419c212eb3688a217,"['docs/config/env_or_cli.md', 'prompt/history/2023/09/29/16:26_Generate docs/config/env_or_cli.md for Junior configurations/change.sh', 'prompt/history/2023/09/29/16:26_Generate docs/config/env_or_cli.md for Junior configurations/prompt.md', 'prompt/history/2023/09/29/16:26_Generate docs/config/env_or_cli.md for Junior configurations/prompt.yaml']"
12/10/2023,tisztamo/Junior,Improve documentation in README.md https://chat.openai.com/share/e2b8c622-6a3f-417d-9142-fbf60643a965,2023-07-31T11:29:54.000+02:00,https://github.com/tisztamo/Junior/commit/c4c1c589da9229f9946dfb52d7f732d454ffe7ca,"['README.md', 'change.sh', 'prompt.md', 'prompt.yaml']"
12/10/2023,tisztamo/Junior,Update docs/open_jobs.md with project details https://chat.openai.com/share/8fc1705b-89fe-4582-8576-2d6b9c831b3f,2023-08-29T15:01:23.000+02:00,https://github.com/tisztamo/Junior/commit/f844aad4f267f749cf65afb618f188a4263d575e,"['docs/open_jobs.md', 'prompt/history/2023/08/29/14:57_Update docs/open_jobs.md with project details/change.sh', 'prompt/history/2023/08/29/14:57_Update docs/open_jobs.md with project details/prompt.md', 'prompt/history/2023/08/29/14:57_Update docs/open_jobs.md with project details/prompt.yaml']"
12/10/2023,tisztamo/Junior,Rewrite system prompt in system.md to be concise https://chat.openai.com/share/e2cdc97c-ec36-452e-a6e1-646087e223f2,2023-08-09T14:07:28.000+02:00,https://github.com/tisztamo/Junior/commit/2addc5f9963ce394cf10dbd25ac27fad50cd1732,"['change.sh', 'prompt.md', 'prompt.yaml', 'prompt/system.md']"
12/10/2023,tisztamo/Junior,Fix description of installedTools in docs/descriptor.md https://chat.openai.com/share/0df1cc4c-8454-457a-9cb2-d12298848036,2023-08-07T15:30:45.000+02:00,https://github.com/tisztamo/Junior/commit/e2ea4fd627f1ccba0f50694dc0d9e94254657183,"['change.sh', 'docs/descriptor.md']"
